<?xml version="1.0" encoding="utf-8" ?>
<Defs>

  <WorkTypeDef>
    <defName>CaptureThemCapture</defName>
    <labelShort>Capture</labelShort>
    <pawnLabel>Capturer</pawnLabel>
    <gerundLabel>capturing</gerundLabel>
    <description>Capture foreign pawns.</description>
    <verb>Capture</verb>
    <naturalPriority>1183</naturalPriority>
    <alwaysStartActive>true</alwaysStartActive>
    <requireCapableColonist>true</requireCapableColonist>
  </WorkTypeDef>

  <WorkGiverDef>
    <defName>CaptureThemCapture</defName>
    <label>Capture pawns</label>
    <giverClass>CaptureThem.WorkGiver_CapturePrisoners</giverClass>
    <workType>CaptureThemCapture</workType>
    <priorityInType>70</priorityInType>
    <verb>capture</verb>
    <gerund>capturing</gerund>
    <emergency>true</emergency>
    <requiredCapacities>
      <li>Manipulation</li>
    </requiredCapacities>
  </WorkGiverDef>

</Defs>